Company,month,complaints,relief_rate_pct
"EQUIFAX, INC.",2025-09,161574,57.9
"EQUIFAX, INC.",2025-10,167451,60.6
"EQUIFAX, INC.",2025-11,157920,60.6
"EQUIFAX, INC.",2025-12,159139,55.2
Experian Information Solutions Inc.,2025-09,126060,0.1
Experian Information Solutions Inc.,2025-10,130272,0.1
Experian Information Solutions Inc.,2025-11,125933,0.1
Experian Information Solutions Inc.,2025-12,128346,0.2
"TRANSUNION INTERMEDIATE HOLDINGS, INC.",2025-09,156792,44.1
"TRANSUNION INTERMEDIATE HOLDINGS, INC.",2025-10,159083,46.3
"TRANSUNION INTERMEDIATE HOLDINGS, INC.",2025-11,149444,53.0
"TRANSUNION INTERMEDIATE HOLDINGS, INC.",2025-12,151127,52.7
